accession,tax_id,superkingdom,phylum,class,order,family,genus,species,superkingdom_taxid,phylum_taxid,class_taxid,order_taxid,family_taxid,genus_taxid,species_taxid
NZ_LT635457.1,1852377,Bacteria,Actinomycetota,Actinomycetes,Actinomycetales,Actinomycetaceae,Actinomyces,Actinomyces pacaensis,2,201174,1760,2037,2049,1654,1852377
NZ_CP033459.1,2133944,Bacteria,Bacteroidota,Bacteroidia,Bacteroidales,Prevotellaceae,Pseudoprevotella,Pseudoprevotella muciniphila,2,976,200643,171549,171552,2884814,2133944
CAKAFU010000002.1,76122,Bacteria,Bacteroidota,Bacteroidia,Bacteroidales,Prevotellaceae,Alloprevotella,Alloprevotella tannerae,2,976,200643,171549,171552,1283313,76122
NZ_CP036550.1,817,Bacteria,Bacteroidota,Bacteroidia,Bacteroidales,Bacteroidaceae,Bacteroides,Bacteroides fragilis,2,976,200643,171549,815,816,817
NZ_CP049272.1,199,Bacteria,Campylobacterota,Epsilonproteobacteria,Campylobacterales,Campylobacteraceae,Campylobacter,Campylobacter concisus,2,29547,3031852,213849,72294,194,199
NZ_CP012544.1,204,Bacteria,Campylobacterota,Epsilonproteobacteria,Campylobacterales,Campylobacteraceae,Campylobacter,Campylobacter showae,2,29547,3031852,213849,72294,194,204
NZ_CP022386.1,1017,Bacteria,Bacteroidota,Flavobacteriia,Flavobacteriales,Flavobacteriaceae,Capnocytophaga,Capnocytophaga gingivalis,2,976,117743,200644,49546,1016,1017
NZ_CP022384.1,327575,Bacteria,Bacteroidota,Flavobacteriia,Flavobacteriales,Flavobacteriaceae,Capnocytophaga,Capnocytophaga leadbetteri,2,976,117743,200644,49546,1016,327575
NZ_CP022379.1,1019,Bacteria,Bacteroidota,Flavobacteriia,Flavobacteriales,Flavobacteriaceae,Capnocytophaga,Capnocytophaga sputigena,2,976,117743,200644,49546,1016,1019
ACIL03000013.1,592026,Bacteria,Bacillota,Clostridia,Lachnospirales,Lachnospiraceae,Catonella,Catonella morbi,2,1239,186801,3085636,186803,43996,43997
NZ_CP028101.1,190304,Bacteria,Fusobacteriota,Fusobacteriia,Fusobacteriales,Fusobacteriaceae,Fusobacterium,Fusobacterium nucleatum,2,32066,203490,203491,203492,848,851
NZ_CP024703.1,2663009,Bacteria,Fusobacteriota,Fusobacteriia,Fusobacteriales,Fusobacteriaceae,Fusobacterium,Fusobacterium pseudoperiodonticum,2,32066,203490,203491,203492,848,2663009
NZ_CP083637.1,1379,Bacteria,Bacillota,Bacilli,Bacillales,Gemellaceae,Gemella,Gemella haemolysans,2,1239,91061,1385,539738,1378,1379
NZ_CP031243.1,726,Bacteria,Pseudomonadota,Gammaproteobacteria,Pasteurellales,Pasteurellaceae,Haemophilus,Haemophilus haemolyticus,2,1224,1236,135625,712,724,726
NZ_AP018768.1,727,Bacteria,Pseudomonadota,Gammaproteobacteria,Pasteurellales,Pasteurellaceae,Haemophilus,Haemophilus influenzae,2,1224,1236,135625,712,724,727
NZ_CP038817.1,735,Bacteria,Pseudomonadota,Gammaproteobacteria,Pasteurellales,Pasteurellaceae,Haemophilus,Haemophilus parahaemolyticus,2,1224,1236,135625,712,724,735
NZ_CP035368.2,729,Bacteria,Pseudomonadota,Gammaproteobacteria,Pasteurellales,Pasteurellaceae,Haemophilus,Haemophilus parainfluenzae,2,1224,1236,135625,712,724,729
NC_013203.1,521095,Bacteria,Actinomycetota,Coriobacteriia,Coriobacteriales,Atopobiaceae,Lancefieldella,Lancefieldella parvula,2,201174,84998,84999,1643824,2767353,1382
NZ_LR134378.1,47671,Bacteria,Pseudomonadota,Betaproteobacteria,Burkholderiales,Burkholderiaceae,Lautropia,Lautropia mirabilis,2,1224,28216,80840,119060,47670,47671
NZ_AP019831.1,109328,Bacteria,Fusobacteriota,Fusobacteriia,Fusobacteriales,Leptotrichiaceae,Leptotrichia,Leptotrichia trevisanii,2,32066,203490,203491,1129771,32067,109328
NZ_CP101528.1,1270,Bacteria,Actinomycetota,Actinomycetes,Micrococcales,Micrococcaceae,Micrococcus,Micrococcus luteus,2,201174,1760,85006,1268,1269,1270
NZ_CP126965.1,1273,Bacteria,Actinomycetota,Actinomycetes,Micrococcales,Micrococcaceae,Micrococcus,Micrococcus lylae,2,201174,1760,85006,1268,1269,1273
NZ_CP039886.1,484,Bacteria,Pseudomonadota,Betaproteobacteria,Neisseriales,Neisseriaceae,Neisseria,Neisseria flavescens,2,1224,28216,206351,481,482,484
NZ_CP030820.1,487,Bacteria,Pseudomonadota,Betaproteobacteria,Neisseriales,Neisseriaceae,Neisseria,Neisseria meningitidis,2,1224,28216,206351,481,482,487
NZ_CP053939.1,488,Bacteria,Pseudomonadota,Betaproteobacteria,Neisseriales,Neisseriaceae,Neisseria,Neisseria mucosa,2,1224,28216,206351,481,482,488
NZ_CP073114.1,28449,Bacteria,Pseudomonadota,Betaproteobacteria,Neisseriales,Neisseriaceae,Neisseria,Neisseria subflava,2,1224,28216,206351,481,482,28449
NZ_CP092048.1,837,Bacteria,Bacteroidota,Bacteroidia,Bacteroidales,Porphyromonadaceae,Porphyromonas,Porphyromonas gingivalis,2,976,200643,171549,171551,836,837
NC_019960.1,908937,Bacteria,Bacteroidota,Bacteroidia,Bacteroidales,Prevotellaceae,Prevotella,Prevotella dentalis,2,976,200643,171549,171552,838,52227
NZ_CP024696.1,28131,Bacteria,Bacteroidota,Bacteroidia,Bacteroidales,Prevotellaceae,Prevotella,Prevotella intermedia,2,976,200643,171549,171552,838,28131
NZ_CP072363.1,1177574,Bacteria,Bacteroidota,Bacteroidia,Bacteroidales,Prevotellaceae,Prevotella,Prevotella jejuni,2,976,200643,171549,171552,838,1177574
AP018050.1,28132,Bacteria,Bacteroidota,Bacteroidia,Bacteroidales,Prevotellaceae,Prevotella,Prevotella melaninogenica,2,976,200643,171549,171552,838,28132
NZ_CP072390.1,1236518,Bacteria,Bacteroidota,Bacteroidia,Bacteroidales,Prevotellaceae,Prevotella,Prevotella scopos,2,976,200643,171549,171552,838,589437
NZ_CP079201.1,2047,Bacteria,Actinomycetota,Actinomycetes,Micrococcales,Micrococcaceae,Rothia,Rothia dentocariosa,2,201174,1760,85006,1268,32207,2047
NZ_CP079822.1,43675,Bacteria,Actinomycetota,Actinomycetes,Micrococcales,Micrococcaceae,Rothia,Rothia mucilaginosa,2,201174,1760,85006,1268,32207,43675
NZ_CP102197.1,1660,Bacteria,Actinomycetota,Actinomycetes,Actinomycetales,Actinomycetaceae,Schaalia,Schaalia odontolytica,2,201174,1760,2037,2049,2529408,1660
CAHJXR010000003.1,2736604,Bacteria,Actinomycetota,Actinomycetes,Actinomycetales,Actinomycetaceae,Schaalia,Schaalia sp. Marseille-Q2122,2,201174,1760,2037,2049,2529408,2736604
NZ_LS483444.1,113107,Bacteria,Bacillota,Bacilli,Lactobacillales,Streptococcaceae,Streptococcus,Streptococcus australis,2,1239,91061,186826,1300,1301,113107
NZ_CP012646.1,28037,Bacteria,Bacillota,Bacilli,Lactobacillales,Streptococcaceae,Streptococcus,Streptococcus mitis,2,1239,91061,186826,1300,1301,28037
NC_015875.1,1054460,Bacteria,Bacillota,Bacilli,Lactobacillales,Streptococcaceae,Streptococcus,Streptococcus pseudopneumoniae,2,1239,91061,186826,1300,1301,257758
NZ_CP079193.1,1307,Bacteria,Bacillota,Bacilli,Lactobacillales,Streptococcaceae,Streptococcus,Streptococcus suis,2,1239,91061,186826,1300,1301,1307
NZ_CAKAHJ010000001.1,249061,Bacteria,Actinomycetota,Actinomycetes,Actinomycetales,Actinomycetaceae,Actinomyces,uncultured Actinomyces sp.,2,201174,1760,2037,2049,1654,249061
NZ_CALGPY010000005.1,218934,Bacteria,Campylobacterota,Epsilonproteobacteria,Campylobacterales,Campylobacteraceae,Campylobacter,uncultured Campylobacter sp.,2,29547,3031852,213849,72294,194,218934
NZ_CAKOJV010000001.1,159267,Bacteria,Fusobacteriota,Fusobacteriia,Fusobacteriales,Fusobacteriaceae,Fusobacterium,uncultured Fusobacterium sp.,2,32066,203490,203491,203492,848,159267
NZ_CABPWA010000001.1,169971,Bacteria,Bacillota,Clostridia,Peptostreptococcales,Peptostreptococcaceae,Peptostreptococcus,uncultured Peptostreptococcus sp.,2,1239,186801,3082720,186804,1257,169971
NZ_UQJH01000001.1,159274,Bacteria,Bacteroidota,Bacteroidia,Bacteroidales,Porphyromonadaceae,Porphyromonas,uncultured Porphyromonas sp.,2,976,200643,171549,171551,836,159274
NZ_CAJTJS010000001.1,159272,Bacteria,Bacteroidota,Bacteroidia,Bacteroidales,Prevotellaceae,Prevotella,uncultured Prevotella sp.,2,976,200643,171549,171552,838,159272
NZ_CAKAIK010000001.1,316088,Bacteria,Actinomycetota,Actinomycetes,Micrococcales,Micrococcaceae,Rothia,uncultured Rothia sp.,2,201174,1760,85006,1268,32207,316088
NZ_CAMNMG010000001.1,83427,Bacteria,Bacillota,Bacilli,Lactobacillales,Streptococcaceae,Streptococcus,uncultured Streptococcus sp.,2,1239,91061,186826,1300,1301,83427
NZ_CALHUL010000006.1,162155,Bacteria,Spirochaetota,Spirochaetia,Spirochaetales,Treponemataceae,Treponema,uncultured Treponema sp.,2,203691,203692,136,2845253,157,162155
NZ_CP020566.1,39777,Bacteria,Bacillota,Negativicutes,Veillonellales,Veillonellaceae,Veillonella,Veillonella atypica,2,1239,909932,1843489,31977,29465,39777
NZ_LR134375.1,39778,Bacteria,Bacillota,Negativicutes,Veillonellales,Veillonellaceae,Veillonella,Veillonella dispar,2,1239,909932,1843489,31977,29465,39778
NZ_AP022321.1,2682456,Bacteria,Bacillota,Negativicutes,Veillonellales,Veillonellaceae,Veillonella,Veillonella nakazawae,2,1239,909932,1843489,31977,29465,2682456
NZ_CP019721.1,29466,Bacteria,Bacillota,Negativicutes,Veillonellales,Veillonellaceae,Veillonella,Veillonella parvula,2,1239,909932,1843489,31977,29465,29466
AP023461.1,9606,Eukaryota,Chordata,Mammalia,Primates,Hominidae,Homo,Homo sapiens,2759,7711,40674,9443,9604,9605,9606